<openerp>
    <data>
        <!-- %%%%%%%%%%%%%%%%%%%%%%%%%%%customer_form_naseem_bcube%%%%%%%%%%%%%%%%%%%%%%%%%%%%%%%%% -->

            <!--========================[Form View-START]=====================-->
 
        <record model="ir.actions.act_window" id="payment_configuration">
            <field name="name">Cash</field>
            <field name="res_model">account.bank.statement</field>
            <field name="view_type">form</field>
            <field name="view_mode">tree,form</field>
            <field name="domain">[('journal_id.type', '=', 'cash')]</field>
            <field name="context">{'journal_type':'cash'}</field>
        </record>





        <record model="ir.actions.act_window" id="bank_configuration">
          <field name="name">Bank</field>
          <field name="res_model">account.bank.statement</field>
          <field name="view_type">form</field>
          <field name="view_mode">tree,form</field>
          <field name="domain">[('journal_id.type', '=', 'bank')]</field>
          <field name="context">{'journal_type':'bank'}</field>
        </record>


        <menuitem name="Cash And Bank"
          id="cash_configuration_main"
          parent="account.menu_finance"
          sequence="1"/>


        <menuitem name="Cash"
            id="cash_sales_configuration"
            parent="cash_configuration_main"
            action="payment_configuration"
            sequence="1"/>


        <menuitem name="Bank"
            id="bank_sales_configuration"
            parent="cash_configuration_main"
            action="bank_configuration"
            sequence="2"/>


    </data>
</openerp>